2024-04-19_11-02-25,Camera1,Living Room,detected_fires\2024-04-19\Camera1_2024-04-19_11-02-25.jpg,
2024-04-19_11-02-26,Camera1,Living Room,detected_fires\2024-04-19\Camera1_2024-04-19_11-02-26.jpg,
2024-04-19_11-02-27,Camera1,Living Room,detected_fires\2024-04-19\Camera1_2024-04-19_11-02-27.jpg,
2024-04-19_11-02-29,Camera1,Living Room,detected_fires\2024-04-19\Camera1_2024-04-19_11-02-29.jpg,
2024-04-19_11-02-30,Camera1,Living Room,detected_fires\2024-04-19\Camera1_2024-04-19_11-02-30.jpg,
2024-04-19_11-02-31,Camera1,Living Room,detected_fires\2024-04-19\Camera1_2024-04-19_11-02-31.jpg,
2024-04-19_11-02-40,Camera1,Living Room,detected_fires\2024-04-19\Camera1_2024-04-19_11-02-40.jpg,
2024-04-19_12-20-10,Camera1,Living Room,detected_fires\2024-04-19\Camera1_2024-04-19_12-20-10.jpg,
2024-04-19_12-20-11,Camera1,Living Room,detected_fires\2024-04-19\Camera1_2024-04-19_12-20-11.jpg,
2024-04-19_12-20-12,Camera1,Living Room,detected_fires\2024-04-19\Camera1_2024-04-19_12-20-12.jpg,
2024-04-19_12-20-13,Camera1,Living Room,detected_fires\2024-04-19\Camera1_2024-04-19_12-20-13.jpg,
2024-04-19_12-20-23,Camera1,Living Room,detected_fires\2024-04-19\Camera1_2024-04-19_12-20-23.jpg,
2024-04-19_12-20-25,Camera1,Living Room,detected_fires\2024-04-19\Camera1_2024-04-19_12-20-25.jpg,
2024-04-19_12-20-26,Camera1,Living Room,detected_fires\2024-04-19\Camera1_2024-04-19_12-20-26.jpg,
2024-04-19_12-20-28,Camera1,Living Room,detected_fires\2024-04-19\Camera1_2024-04-19_12-20-28.jpg,
2024-04-19_12-20-29,Camera1,Living Room,detected_fires\2024-04-19\Camera1_2024-04-19_12-20-29.jpg,
2024-04-19_12-20-30,Camera1,Living Room,detected_fires\2024-04-19\Camera1_2024-04-19_12-20-30.jpg,
2024-04-22_16-02-26,Camera1,Living Room,detected_fires\2024-04-22\Camera1_2024-04-22_16-02-26.jpg,
2024-04-22_16-02-27,Camera1,Living Room,detected_fires\2024-04-22\Camera1_2024-04-22_16-02-27.jpg,
2024-04-22_16-02-28,Camera1,Living Room,detected_fires\2024-04-22\Camera1_2024-04-22_16-02-28.jpg,
2024-04-22_16-02-28,Camera1,Living Room,detected_fires\2024-04-22\Camera1_2024-04-22_16-02-28.jpg,
2024-04-22_16-02-29,Camera1,Living Room,detected_fires\2024-04-22\Camera1_2024-04-22_16-02-29.jpg,
2024-04-22_16-02-30,Camera1,Living Room,detected_fires\2024-04-22\Camera1_2024-04-22_16-02-30.jpg,
2024-04-22_16-02-31,Camera1,Living Room,detected_fires\2024-04-22\Camera1_2024-04-22_16-02-31.jpg,
2024-04-22_16-02-32,Camera1,Living Room,detected_fires\2024-04-22\Camera1_2024-04-22_16-02-32.jpg,
2024-04-22_16-02-32,Camera1,Living Room,detected_fires\2024-04-22\Camera1_2024-04-22_16-02-32.jpg,
2024-04-22_16-02-33,Camera1,Living Room,detected_fires\2024-04-22\Camera1_2024-04-22_16-02-33.jpg,
2024-04-22_16-02-34,Camera1,Living Room,detected_fires\2024-04-22\Camera1_2024-04-22_16-02-34.jpg,
2024-04-22_16-02-35,Camera1,Living Room,detected_fires\2024-04-22\Camera1_2024-04-22_16-02-35.jpg,
2024-04-22_16-02-36,Camera1,Living Room,detected_fires\2024-04-22\Camera1_2024-04-22_16-02-36.jpg,
2024-04-22_16-02-36,Camera1,Living Room,detected_fires\2024-04-22\Camera1_2024-04-22_16-02-36.jpg,
2024-04-22_16-02-37,Camera1,Living Room,detected_fires\2024-04-22\Camera1_2024-04-22_16-02-37.jpg,
2024-04-22_16-02-38,Camera1,Living Room,detected_fires\2024-04-22\Camera1_2024-04-22_16-02-38.jpg,
2024-04-22_16-02-39,Camera1,Living Room,detected_fires\2024-04-22\Camera1_2024-04-22_16-02-39.jpg,
2024-04-22_16-02-40,Camera1,Living Room,detected_fires\2024-04-22\Camera1_2024-04-22_16-02-40.jpg,
2024-04-22_16-02-40,Camera1,Living Room,detected_fires\2024-04-22\Camera1_2024-04-22_16-02-40.jpg,
2024-04-22_16-26-43,Camera1,Living Room,detected_fires\2024-04-22\Camera1_2024-04-22_16-26-43.jpg,
2024-04-22_16-26-44,Camera1,Living Room,detected_fires\2024-04-22\Camera1_2024-04-22_16-26-44.jpg,
2024-04-22_16-26-44,Camera1,Living Room,detected_fires\2024-04-22\Camera1_2024-04-22_16-26-44.jpg,
2024-04-22_16-26-45,Camera1,Living Room,detected_fires\2024-04-22\Camera1_2024-04-22_16-26-45.jpg,
2024-04-22_16-26-46,Camera1,Living Room,detected_fires\2024-04-22\Camera1_2024-04-22_16-26-46.jpg,
2024-04-22_16-26-47,Camera1,Living Room,detected_fires\2024-04-22\Camera1_2024-04-22_16-26-47.jpg,
2024-04-22_16-26-47,Camera1,Living Room,detected_fires\2024-04-22\Camera1_2024-04-22_16-26-47.jpg,
2024-04-22_16-26-48,Camera1,Living Room,detected_fires\2024-04-22\Camera1_2024-04-22_16-26-48.jpg,
2024-04-22_16-26-49,Camera1,Living Room,detected_fires\2024-04-22\Camera1_2024-04-22_16-26-49.jpg,
2024-04-22_16-33-07,Camera1,Living Room,detected_fires\2024-04-22\Camera1_2024-04-22_16-33-07.jpg,
2024-04-22_16-33-07,Camera1,Living Room,detected_fires\2024-04-22\Camera1_2024-04-22_16-33-07.jpg,
2024-04-22_16-33-08,Camera1,Living Room,detected_fires\2024-04-22\Camera1_2024-04-22_16-33-08.jpg,
2024-04-22_16-33-09,Camera1,Living Room,detected_fires\2024-04-22\Camera1_2024-04-22_16-33-09.jpg,
2024-04-22_16-33-10,Camera1,Living Room,detected_fires\2024-04-22\Camera1_2024-04-22_16-33-10.jpg,
2024-04-22_16-33-10,Camera1,Living Room,detected_fires\2024-04-22\Camera1_2024-04-22_16-33-10.jpg,
2024-04-22_16-33-11,Camera1,Living Room,detected_fires\2024-04-22\Camera1_2024-04-22_16-33-11.jpg,
2024-04-22_16-33-12,Camera1,Living Room,detected_fires\2024-04-22\Camera1_2024-04-22_16-33-12.jpg,
2024-04-22_16-33-13,Camera1,Living Room,detected_fires\2024-04-22\Camera1_2024-04-22_16-33-13.jpg,
2024-04-22_16-38-06,Camera1,Living Room,detected_fires\2024-04-22\Camera1_2024-04-22_16-38-06.jpg,
2024-04-22_16-38-10,Camera1,Living Room,detected_fires\2024-04-22\Camera1_2024-04-22_16-38-10.jpg,
2024-04-22_16-38-11,Camera1,Living Room,detected_fires\2024-04-22\Camera1_2024-04-22_16-38-11.jpg,
2024-04-22_16-38-12,Camera1,Living Room,detected_fires\2024-04-22\Camera1_2024-04-22_16-38-12.jpg,
2024-04-22_16-38-14,Camera1,Living Room,detected_fires\2024-04-22\Camera1_2024-04-22_16-38-14.jpg,
2024-04-22_16-38-15,Camera1,Living Room,detected_fires\2024-04-22\Camera1_2024-04-22_16-38-15.jpg,
2024-04-22_16-38-16,Camera1,Living Room,detected_fires\2024-04-22\Camera1_2024-04-22_16-38-16.jpg,
2024-04-22_16-38-16,Camera1,Living Room,detected_fires\2024-04-22\Camera1_2024-04-22_16-38-16.jpg,
2024-04-22_16-38-17,Camera1,Living Room,detected_fires\2024-04-22\Camera1_2024-04-22_16-38-17.jpg,
2024-04-22_16-38-18,Camera1,Living Room,detected_fires\2024-04-22\Camera1_2024-04-22_16-38-18.jpg,
2024-04-22_16-38-19,Camera1,Living Room,detected_fires\2024-04-22\Camera1_2024-04-22_16-38-19.jpg,
2024-04-22_16-38-20,Camera1,Living Room,detected_fires\2024-04-22\Camera1_2024-04-22_16-38-20.jpg,
2024-04-22_16-38-23,Camera1,Living Room,detected_fires\2024-04-22\Camera1_2024-04-22_16-38-23.jpg,
2024-04-22_22-09-33,Camera1,Living Room,detected_fires\2024-04-22\Camera1_2024-04-22_22-09-33.jpg,
2024-04-22_22-09-36,Camera1,Living Room,detected_fires\2024-04-22\Camera1_2024-04-22_22-09-36.jpg,
2024-04-22_22-09-39,Camera1,Living Room,detected_fires\2024-04-22\Camera1_2024-04-22_22-09-39.jpg,
2024-04-22_22-09-40,Camera1,Living Room,detected_fires\2024-04-22\Camera1_2024-04-22_22-09-40.jpg,
2024-04-22_22-09-42,Camera1,Living Room,detected_fires\2024-04-22\Camera1_2024-04-22_22-09-42.jpg,
2024-04-22_22-09-43,Camera1,Living Room,detected_fires\2024-04-22\Camera1_2024-04-22_22-09-43.jpg,
2024-04-22_22-09-45,Camera1,Living Room,detected_fires\2024-04-22\Camera1_2024-04-22_22-09-45.jpg,
2024-04-22_22-09-47,Camera1,Living Room,detected_fires\2024-04-22\Camera1_2024-04-22_22-09-47.jpg,
2024-04-22_22-09-48,Camera1,Living Room,detected_fires\2024-04-22\Camera1_2024-04-22_22-09-48.jpg,
2024-04-22_22-09-50,Camera1,Living Room,detected_fires\2024-04-22\Camera1_2024-04-22_22-09-50.jpg,
2024-04-22_22-09-51,Camera1,Living Room,detected_fires\2024-04-22\Camera1_2024-04-22_22-09-51.jpg,
2024-04-22_22-09-53,Camera1,Living Room,detected_fires\2024-04-22\Camera1_2024-04-22_22-09-53.jpg,
2024-04-22_22-09-54,Camera1,Living Room,detected_fires\2024-04-22\Camera1_2024-04-22_22-09-54.jpg,
2024-04-22_22-09-55,Camera1,Living Room,detected_fires\2024-04-22\Camera1_2024-04-22_22-09-55.jpg,
2024-04-22_22-09-57,Camera1,Living Room,detected_fires\2024-04-22\Camera1_2024-04-22_22-09-57.jpg,
2024-04-22_22-09-58,Camera1,Living Room,detected_fires\2024-04-22\Camera1_2024-04-22_22-09-58.jpg,
2024-04-22_22-10-01,Camera1,Living Room,detected_fires\2024-04-22\Camera1_2024-04-22_22-10-01.jpg,
2024-04-22_22-10-03,Camera1,Living Room,detected_fires\2024-04-22\Camera1_2024-04-22_22-10-03.jpg,
2024-04-22_22-10-05,Camera1,Living Room,detected_fires\2024-04-22\Camera1_2024-04-22_22-10-05.jpg,
2024-04-22_22-10-07,Camera1,Living Room,detected_fires\2024-04-22\Camera1_2024-04-22_22-10-07.jpg,
2024-04-22_22-10-08,Camera1,Living Room,detected_fires\2024-04-22\Camera1_2024-04-22_22-10-08.jpg,
2024-04-22_22-10-10,Camera1,Living Room,detected_fires\2024-04-22\Camera1_2024-04-22_22-10-10.jpg,
2024-04-22_22-10-11,Camera1,Living Room,detected_fires\2024-04-22\Camera1_2024-04-22_22-10-11.jpg,
2024-04-22_22-10-13,Camera1,Living Room,detected_fires\2024-04-22\Camera1_2024-04-22_22-10-13.jpg,
2024-04-22_22-10-14,Camera1,Living Room,detected_fires\2024-04-22\Camera1_2024-04-22_22-10-14.jpg,
2024-04-22_22-10-16,Camera1,Living Room,detected_fires\2024-04-22\Camera1_2024-04-22_22-10-16.jpg,
2024-04-22_22-10-17,Camera1,Living Room,detected_fires\2024-04-22\Camera1_2024-04-22_22-10-17.jpg,
2024-04-22_22-10-19,Camera1,Living Room,detected_fires\2024-04-22\Camera1_2024-04-22_22-10-19.jpg,
2024-04-22_22-10-20,Camera1,Living Room,detected_fires\2024-04-22\Camera1_2024-04-22_22-10-20.jpg,
2024-04-22_22-10-21,Camera1,Living Room,detected_fires\2024-04-22\Camera1_2024-04-22_22-10-21.jpg,
2024-04-22_22-10-23,Camera1,Living Room,detected_fires\2024-04-22\Camera1_2024-04-22_22-10-23.jpg,
2024-04-22_22-10-24,Camera1,Living Room,detected_fires\2024-04-22\Camera1_2024-04-22_22-10-24.jpg,
2024-04-22_22-10-26,Camera1,Living Room,detected_fires\2024-04-22\Camera1_2024-04-22_22-10-26.jpg,
2024-04-22_22-10-27,Camera1,Living Room,detected_fires\2024-04-22\Camera1_2024-04-22_22-10-27.jpg,
2024-04-22_22-10-29,Camera1,Living Room,detected_fires\2024-04-22\Camera1_2024-04-22_22-10-29.jpg,
2024-04-22_22-10-30,Camera1,Living Room,detected_fires\2024-04-22\Camera1_2024-04-22_22-10-30.jpg,
2024-04-22_22-10-32,Camera1,Living Room,detected_fires\2024-04-22\Camera1_2024-04-22_22-10-32.jpg,
2024-04-22_22-10-33,Camera1,Living Room,detected_fires\2024-04-22\Camera1_2024-04-22_22-10-33.jpg,
2024-04-22_22-10-34,Camera1,Living Room,detected_fires\2024-04-22\Camera1_2024-04-22_22-10-34.jpg,
2024-04-22_22-10-36,Camera1,Living Room,detected_fires\2024-04-22\Camera1_2024-04-22_22-10-36.jpg,
2024-04-22_22-10-37,Camera1,Living Room,detected_fires\2024-04-22\Camera1_2024-04-22_22-10-37.jpg,
2024-04-22_22-10-39,Camera1,Living Room,detected_fires\2024-04-22\Camera1_2024-04-22_22-10-39.jpg,
2024-04-22_22-10-40,Camera1,Living Room,detected_fires\2024-04-22\Camera1_2024-04-22_22-10-40.jpg,
2024-04-22_22-10-42,Camera1,Living Room,detected_fires\2024-04-22\Camera1_2024-04-22_22-10-42.jpg,
2024-04-22_22-10-46,Camera1,Living Room,detected_fires\2024-04-22\Camera1_2024-04-22_22-10-46.jpg,
2024-04-22_22-10-47,Camera1,Living Room,detected_fires\2024-04-22\Camera1_2024-04-22_22-10-47.jpg,
2024-04-22_22-10-48,Camera1,Living Room,detected_fires\2024-04-22\Camera1_2024-04-22_22-10-48.jpg,
2024-04-22_22-10-50,Camera1,Living Room,detected_fires\2024-04-22\Camera1_2024-04-22_22-10-50.jpg,
2024-04-22_22-10-51,Camera1,Living Room,detected_fires\2024-04-22\Camera1_2024-04-22_22-10-51.jpg,
2024-04-22_22-10-53,Camera1,Living Room,detected_fires\2024-04-22\Camera1_2024-04-22_22-10-53.jpg,
2024-04-22_22-10-55,Camera1,Living Room,detected_fires\2024-04-22\Camera1_2024-04-22_22-10-55.jpg,
2024-04-22_22-10-56,Camera1,Living Room,detected_fires\2024-04-22\Camera1_2024-04-22_22-10-56.jpg,
2024-04-22_22-10-58,Camera1,Living Room,detected_fires\2024-04-22\Camera1_2024-04-22_22-10-58.jpg,
2024-04-22_22-10-59,Camera1,Living Room,detected_fires\2024-04-22\Camera1_2024-04-22_22-10-59.jpg,
2024-04-22_22-11-01,Camera1,Living Room,detected_fires\2024-04-22\Camera1_2024-04-22_22-11-01.jpg,
2024-04-22_22-11-02,Camera1,Living Room,detected_fires\2024-04-22\Camera1_2024-04-22_22-11-02.jpg,
2024-04-22_22-11-04,Camera1,Living Room,detected_fires\2024-04-22\Camera1_2024-04-22_22-11-04.jpg,
2024-04-22_22-11-05,Camera1,Living Room,detected_fires\2024-04-22\Camera1_2024-04-22_22-11-05.jpg,
2024-04-22_22-11-07,Camera1,Living Room,detected_fires\2024-04-22\Camera1_2024-04-22_22-11-07.jpg,
2024-04-22_22-11-08,Camera1,Living Room,detected_fires\2024-04-22\Camera1_2024-04-22_22-11-08.jpg,
2024-04-22_22-11-10,Camera1,Living Room,detected_fires\2024-04-22\Camera1_2024-04-22_22-11-10.jpg,
2024-04-22_22-11-11,Camera1,Living Room,detected_fires\2024-04-22\Camera1_2024-04-22_22-11-11.jpg,
2024-04-22_22-11-13,Camera1,Living Room,detected_fires\2024-04-22\Camera1_2024-04-22_22-11-13.jpg,
2024-04-22_22-11-14,Camera1,Living Room,detected_fires\2024-04-22\Camera1_2024-04-22_22-11-14.jpg,
2024-04-22_22-11-16,Camera1,Living Room,detected_fires\2024-04-22\Camera1_2024-04-22_22-11-16.jpg,
2024-04-22_22-11-17,Camera1,Living Room,detected_fires\2024-04-22\Camera1_2024-04-22_22-11-17.jpg,
2024-04-22_22-11-18,Camera1,Living Room,detected_fires\2024-04-22\Camera1_2024-04-22_22-11-18.jpg,
2024-04-22_22-11-20,Camera1,Living Room,detected_fires\2024-04-22\Camera1_2024-04-22_22-11-20.jpg,
2024-04-22_22-11-21,Camera1,Living Room,detected_fires\2024-04-22\Camera1_2024-04-22_22-11-21.jpg,
2024-04-22_22-11-23,Camera1,Living Room,detected_fires\2024-04-22\Camera1_2024-04-22_22-11-23.jpg,
2024-04-22_22-11-24,Camera1,Living Room,detected_fires\2024-04-22\Camera1_2024-04-22_22-11-24.jpg,
2024-04-22_22-11-40,Camera1,Living Room,detected_fires\2024-04-22\Camera1_2024-04-22_22-11-40.jpg,
2024-04-22_22-11-43,Camera1,Living Room,detected_fires\2024-04-22\Camera1_2024-04-22_22-11-43.jpg,
2024-04-22_22-11-44,Camera1,Living Room,detected_fires\2024-04-22\Camera1_2024-04-22_22-11-44.jpg,
2024-04-22_22-11-47,Camera1,Living Room,detected_fires\2024-04-22\Camera1_2024-04-22_22-11-47.jpg,
2024-04-22_22-11-50,Camera1,Living Room,detected_fires\2024-04-22\Camera1_2024-04-22_22-11-50.jpg,
2024-04-22_22-11-53,Camera1,Living Room,detected_fires\2024-04-22\Camera1_2024-04-22_22-11-53.jpg,
2024-04-22_22-11-56,Camera1,Living Room,detected_fires\2024-04-22\Camera1_2024-04-22_22-11-56.jpg,
2024-04-22_22-11-57,Camera1,Living Room,detected_fires\2024-04-22\Camera1_2024-04-22_22-11-57.jpg,
2024-04-22_22-11-59,Camera1,Living Room,detected_fires\2024-04-22\Camera1_2024-04-22_22-11-59.jpg,
2024-04-22_22-12-01,Camera1,Living Room,detected_fires\2024-04-22\Camera1_2024-04-22_22-12-01.jpg,
2024-04-22_22-12-05,Camera1,Living Room,detected_fires\2024-04-22\Camera1_2024-04-22_22-12-05.jpg,
2024-04-22_22-12-07,Camera1,Living Room,detected_fires\2024-04-22\Camera1_2024-04-22_22-12-07.jpg,
2024-04-22_22-12-10,Camera1,Living Room,detected_fires\2024-04-22\Camera1_2024-04-22_22-12-10.jpg,
2024-04-22_22-12-11,Camera1,Living Room,detected_fires\2024-04-22\Camera1_2024-04-22_22-12-11.jpg,
2024-04-22_23-22-05,Camera1,Living Room,detected_fires\2024-04-22\Camera1_2024-04-22_23-22-05.jpg,
2024-04-22_23-22-07,Camera1,Living Room,detected_fires\2024-04-22\Camera1_2024-04-22_23-22-07.jpg,
2024-04-22_23-22-08,Camera1,Living Room,detected_fires\2024-04-22\Camera1_2024-04-22_23-22-08.jpg,
2024-04-22_23-22-10,Camera1,Living Room,detected_fires\2024-04-22\Camera1_2024-04-22_23-22-10.jpg,
2024-04-22_23-22-11,Camera1,Living Room,detected_fires\2024-04-22\Camera1_2024-04-22_23-22-11.jpg,
2024-04-22_23-22-13,Camera1,Living Room,detected_fires\2024-04-22\Camera1_2024-04-22_23-22-13.jpg,
2024-04-22_23-22-17,Camera1,Living Room,detected_fires\2024-04-22\Camera1_2024-04-22_23-22-17.jpg,
2024-04-22_23-22-20,Camera1,Living Room,detected_fires\2024-04-22\Camera1_2024-04-22_23-22-20.jpg,
2024-04-22_23-22-23,Camera1,Living Room,detected_fires\2024-04-22\Camera1_2024-04-22_23-22-23.jpg,
2024-04-22_23-22-25,Camera1,Living Room,detected_fires\2024-04-22\Camera1_2024-04-22_23-22-25.jpg,
2024-04-22_23-22-28,Camera1,Living Room,detected_fires\2024-04-22\Camera1_2024-04-22_23-22-28.jpg,
2024-04-22_23-22-31,Camera1,Living Room,detected_fires\2024-04-22\Camera1_2024-04-22_23-22-31.jpg,
2024-04-22_23-22-33,Camera1,Living Room,detected_fires\2024-04-22\Camera1_2024-04-22_23-22-33.jpg,
2024-04-23_14-29-07,Camera1,Living Room,detected_fires\2024-04-23\Camera1_2024-04-23_14-29-07.jpg,
2024-04-23_14-29-09,Camera1,Living Room,detected_fires\2024-04-23\Camera1_2024-04-23_14-29-09.jpg,
2024-04-23_14-29-10,Camera1,Living Room,detected_fires\2024-04-23\Camera1_2024-04-23_14-29-10.jpg,
2024-04-23_14-29-11,Camera1,Living Room,detected_fires\2024-04-23\Camera1_2024-04-23_14-29-11.jpg,
2024-04-23_14-29-12,Camera1,Living Room,detected_fires\2024-04-23\Camera1_2024-04-23_14-29-12.jpg,
2024-04-23_14-29-14,Camera1,Living Room,detected_fires\2024-04-23\Camera1_2024-04-23_14-29-14.jpg,
2024-04-23_14-29-15,Camera1,Living Room,detected_fires\2024-04-23\Camera1_2024-04-23_14-29-15.jpg,
2024-04-23_14-29-16,Camera1,Living Room,detected_fires\2024-04-23\Camera1_2024-04-23_14-29-16.jpg,
2024-04-23_14-29-17,Camera1,Living Room,detected_fires\2024-04-23\Camera1_2024-04-23_14-29-17.jpg,
2024-04-23_14-50-48,Camera1,Living Room,detected_fires\2024-04-23\Camera1_2024-04-23_14-50-48.jpg,
2024-04-23_14-50-49,Camera1,Living Room,detected_fires\2024-04-23\Camera1_2024-04-23_14-50-49.jpg,
2024-04-23_14-50-50,Camera1,Living Room,detected_fires\2024-04-23\Camera1_2024-04-23_14-50-50.jpg,
2024-04-23_14-50-51,Camera1,Living Room,detected_fires\2024-04-23\Camera1_2024-04-23_14-50-51.jpg,
2024-04-23_14-50-52,Camera1,Living Room,detected_fires\2024-04-23\Camera1_2024-04-23_14-50-52.jpg,
2024-04-23_14-50-53,Camera1,Living Room,detected_fires\2024-04-23\Camera1_2024-04-23_14-50-53.jpg,
2024-04-23_14-50-58,Camera1,Living Room,detected_fires\2024-04-23\Camera1_2024-04-23_14-50-58.jpg,
2024-04-23_14-51-00,Camera1,Living Room,detected_fires\2024-04-23\Camera1_2024-04-23_14-51-00.jpg,
2024-04-23_14-51-01,Camera1,Living Room,detected_fires\2024-04-23\Camera1_2024-04-23_14-51-01.jpg,
2024-04-23_14-51-02,Camera1,Living Room,detected_fires\2024-04-23\Camera1_2024-04-23_14-51-02.jpg,
2024-04-23_14-51-03,Camera1,Living Room,detected_fires\2024-04-23\Camera1_2024-04-23_14-51-03.jpg,
2024-04-23_14-51-04,Camera1,Living Room,detected_fires\2024-04-23\Camera1_2024-04-23_14-51-04.jpg,
2024-04-23_14-51-06,Camera1,Living Room,detected_fires\2024-04-23\Camera1_2024-04-23_14-51-06.jpg,
2024-04-23_14-51-07,Camera1,Living Room,detected_fires\2024-04-23\Camera1_2024-04-23_14-51-07.jpg,
2024-04-23_14-51-08,Camera1,Living Room,detected_fires\2024-04-23\Camera1_2024-04-23_14-51-08.jpg,
2024-04-23_14-51-09,Camera1,Living Room,detected_fires\2024-04-23\Camera1_2024-04-23_14-51-09.jpg,
2024-04-23_14-51-10,Camera1,Living Room,detected_fires\2024-04-23\Camera1_2024-04-23_14-51-10.jpg,
2024-04-23_14-51-12,Camera1,Living Room,detected_fires\2024-04-23\Camera1_2024-04-23_14-51-12.jpg,
2024-04-23_14-51-13,Camera1,Living Room,detected_fires\2024-04-23\Camera1_2024-04-23_14-51-13.jpg,
2024-04-23_14-51-14,Camera1,Living Room,detected_fires\2024-04-23\Camera1_2024-04-23_14-51-14.jpg,
2024-04-23_14-51-15,Camera1,Living Room,detected_fires\2024-04-23\Camera1_2024-04-23_14-51-15.jpg,
2024-04-23_14-51-16,Camera1,Living Room,detected_fires\2024-04-23\Camera1_2024-04-23_14-51-16.jpg,
2024-04-23_14-51-18,Camera1,Living Room,detected_fires\2024-04-23\Camera1_2024-04-23_14-51-18.jpg,
2024-04-23_14-51-19,Camera1,Living Room,detected_fires\2024-04-23\Camera1_2024-04-23_14-51-19.jpg,
2024-04-23_14-51-20,Camera1,Living Room,detected_fires\2024-04-23\Camera1_2024-04-23_14-51-20.jpg,
2024-04-23_14-51-21,Camera1,Living Room,detected_fires\2024-04-23\Camera1_2024-04-23_14-51-21.jpg,
2024-04-23_14-51-23,Camera1,Living Room,detected_fires\2024-04-23\Camera1_2024-04-23_14-51-23.jpg,
2024-04-23_15-45-11,Camera1,Living Room,detected_fires\2024-04-23\Camera1_2024-04-23_15-45-11.jpg,
2024-04-23_15-45-16,Camera1,Living Room,detected_fires\2024-04-23\Camera1_2024-04-23_15-45-16.jpg,
2024-04-23_15-45-17,Camera1,Living Room,detected_fires\2024-04-23\Camera1_2024-04-23_15-45-17.jpg,
2024-04-23_16-28-49,Camera1,Living Room,detected_fires\2024-04-23\Camera1_2024-04-23_16-28-49.jpg,
2024-04-23_16-28-50,Camera1,Living Room,detected_fires\2024-04-23\Camera1_2024-04-23_16-28-50.jpg,
2024-04-23_16-28-52,Camera1,Living Room,detected_fires\2024-04-23\Camera1_2024-04-23_16-28-52.jpg,
2024-04-23_16-28-53,Camera1,Living Room,detected_fires\2024-04-23\Camera1_2024-04-23_16-28-53.jpg,
2024-04-23_16-28-54,Camera1,Living Room,detected_fires\2024-04-23\Camera1_2024-04-23_16-28-54.jpg,
2024-04-23_16-28-56,Camera1,Living Room,detected_fires\2024-04-23\Camera1_2024-04-23_16-28-56.jpg,
2024-04-23_16-28-57,Camera1,Living Room,detected_fires\2024-04-23\Camera1_2024-04-23_16-28-57.jpg,
2024-04-23_16-28-58,Camera1,Living Room,detected_fires\2024-04-23\Camera1_2024-04-23_16-28-58.jpg,
2024-04-23_16-28-59,Camera1,Living Room,detected_fires\2024-04-23\Camera1_2024-04-23_16-28-59.jpg,
2024-04-23_16-29-01,Camera1,Living Room,detected_fires\2024-04-23\Camera1_2024-04-23_16-29-01.jpg,
2024-04-23_16-29-02,Camera1,Living Room,detected_fires\2024-04-23\Camera1_2024-04-23_16-29-02.jpg,
2024-04-23_16-29-03,Camera1,Living Room,detected_fires\2024-04-23\Camera1_2024-04-23_16-29-03.jpg,
2024-04-23_16-29-05,Camera1,Living Room,detected_fires\2024-04-23\Camera1_2024-04-23_16-29-05.jpg,
2024-04-23_16-29-06,Camera1,Living Room,detected_fires\2024-04-23\Camera1_2024-04-23_16-29-06.jpg,
2024-04-26_10-24-48,Camera1,Living Room,detected_fires\2024-04-26\Camera1_2024-04-26_10-24-48.jpg,
2024-04-26_10-44-43,Camera1,Living Room,detected_fires\2024-04-26\Camera1_2024-04-26_10-44-43.jpg,
2024-04-26_10-48-33,Camera1,Living Room,detected_fires\2024-04-26\Camera1_2024-04-26_10-48-33.jpg,
2024-04-27_15-14-35,Camera1,Living Room,detected_fires\2024-04-27\Camera1_2024-04-27_15-14-35.jpg,
2024-04-27_16-15-20,Camera1,Living Room,detected_fires\2024-04-27\Camera1_2024-04-27_16-15-20.jpg,
2024-04-27_16-15-21,Camera1,Living Room,detected_fires\2024-04-27\Camera1_2024-04-27_16-15-21.jpg,
2024-04-27_16-15-21,Camera1,Living Room,detected_fires\2024-04-27\Camera1_2024-04-27_16-15-21.jpg,
2024-04-27_16-15-21,Camera1,Living Room,detected_fires\2024-04-27\Camera1_2024-04-27_16-15-21.jpg,
2024-04-27_16-15-22,Camera1,Living Room,detected_fires\2024-04-27\Camera1_2024-04-27_16-15-22.jpg,
2024-04-27_16-15-23,Camera1,Living Room,detected_fires\2024-04-27\Camera1_2024-04-27_16-15-23.jpg,
2024-04-27_16-15-24,Camera1,Living Room,detected_fires\2024-04-27\Camera1_2024-04-27_16-15-24.jpg,
2024-04-27_16-15-25,Camera1,Living Room,detected_fires\2024-04-27\Camera1_2024-04-27_16-15-25.jpg,
2024-04-27_16-41-11,Camera1,Living Room,detected_fires\2024-04-27\Camera1_2024-04-27_16-41-11.jpg,
2024-04-27_16-43-02,Camera1,Living Room,detected_fires\2024-04-27\Camera1_2024-04-27_16-43-02.jpg,
2024-04-27_16-43-03,Camera1,Living Room,detected_fires\2024-04-27\Camera1_2024-04-27_16-43-03.jpg,
2024-04-27_16-43-04,Camera1,Living Room,detected_fires\2024-04-27\Camera1_2024-04-27_16-43-04.jpg,
2024-04-27_16-43-06,Camera1,Living Room,detected_fires\2024-04-27\Camera1_2024-04-27_16-43-06.jpg,
2024-04-27_16-43-07,Camera1,Living Room,detected_fires\2024-04-27\Camera1_2024-04-27_16-43-07.jpg,
2024-04-27_16-43-08,Camera1,Living Room,detected_fires\2024-04-27\Camera1_2024-04-27_16-43-08.jpg,
2024-04-27_16-43-10,Camera1,Living Room,detected_fires\2024-04-27\Camera1_2024-04-27_16-43-10.jpg,
2024-04-27_16-49-53,Camera1,Living Room,detected_fires\2024-04-27\Camera1_2024-04-27_16-49-53.jpg,
2024-04-27_16-49-55,Camera1,Living Room,detected_fires\2024-04-27\Camera1_2024-04-27_16-49-55.jpg,
2024-04-27_16-49-56,Camera1,Living Room,detected_fires\2024-04-27\Camera1_2024-04-27_16-49-56.jpg,
2024-04-27_16-49-58,Camera1,Living Room,detected_fires\2024-04-27\Camera1_2024-04-27_16-49-58.jpg,
2024-04-27_16-49-59,Camera1,Living Room,detected_fires\2024-04-27\Camera1_2024-04-27_16-49-59.jpg,
2024-04-27_16-50-00,Camera1,Living Room,detected_fires\2024-04-27\Camera1_2024-04-27_16-50-00.jpg,
2024-04-27_16-50-01,Camera1,Living Room,detected_fires\2024-04-27\Camera1_2024-04-27_16-50-01.jpg,
2024-04-27_16-50-02,Camera1,Living Room,detected_fires\2024-04-27\Camera1_2024-04-27_16-50-02.jpg,
2024-04-27_16-50-03,Camera1,Living Room,detected_fires\2024-04-27\Camera1_2024-04-27_16-50-03.jpg,
2024-04-27_16-50-05,Camera1,Living Room,detected_fires\2024-04-27\Camera1_2024-04-27_16-50-05.jpg,
2024-04-27_22-16-22,Camera1,Living Room,detected_fires\2024-04-27\Camera1_2024-04-27_22-16-22.jpg,
2024-04-27_22-16-23,Camera1,Living Room,detected_fires\2024-04-27\Camera1_2024-04-27_22-16-23.jpg,
2024-04-27_22-16-23,Camera1,Living Room,detected_fires\2024-04-27\Camera1_2024-04-27_22-16-23.jpg,
2024-04-27_22-16-24,Camera1,Living Room,detected_fires\2024-04-27\Camera1_2024-04-27_22-16-24.jpg,
2024-04-27_22-16-25,Camera1,Living Room,detected_fires\2024-04-27\Camera1_2024-04-27_22-16-25.jpg,
2024-04-27_22-16-25,Camera1,Living Room,detected_fires\2024-04-27\Camera1_2024-04-27_22-16-25.jpg,
2024-04-27_22-16-26,Camera1,Living Room,detected_fires\2024-04-27\Camera1_2024-04-27_22-16-26.jpg,
2024-04-27_22-16-27,Camera1,Living Room,detected_fires\2024-04-27\Camera1_2024-04-27_22-16-27.jpg,
2024-04-27_22-16-28,Camera1,Living Room,detected_fires\2024-04-27\Camera1_2024-04-27_22-16-28.jpg,
2024-04-27_22-16-28,Camera1,Living Room,detected_fires\2024-04-27\Camera1_2024-04-27_22-16-28.jpg,
2024-04-27_22-16-29,Camera1,Living Room,detected_fires\2024-04-27\Camera1_2024-04-27_22-16-29.jpg,
2024-04-27_22-18-26,Camera1,Living Room,detected_fires\2024-04-27\Camera1_2024-04-27_22-18-26.jpg,
2024-04-27_22-18-39,Camera1,Living Room,detected_fires\2024-04-27\Camera1_2024-04-27_22-18-39.jpg,
2024-04-27_22-22-16,Camera1,Living Room,detected_fires\2024-04-27\Camera1_2024-04-27_22-22-16.jpg,
2024-04-27_22-22-20,Camera1,Living Room,detected_fires\2024-04-27\Camera1_2024-04-27_22-22-20.jpg,
2024-04-27_22-22-47,Camera1,Living Room,detected_fires\2024-04-27\Camera1_2024-04-27_22-22-47.jpg,
2024-04-27_22-22-48,Camera1,Living Room,detected_fires\2024-04-27\Camera1_2024-04-27_22-22-48.jpg,
2024-04-27_22-22-54,Camera1,Living Room,detected_fires\2024-04-27\Camera1_2024-04-27_22-22-54.jpg,
2024-04-27_22-22-55,Camera1,Living Room,detected_fires\2024-04-27\Camera1_2024-04-27_22-22-55.jpg,
2024-04-27_23-00-49,Camera1,Living Room,detected_fires\2024-04-27\Camera1_2024-04-27_23-00-49.jpg,
2024-04-27_23-00-53,Camera1,Living Room,detected_fires\2024-04-27\Camera1_2024-04-27_23-00-53.jpg,
2024-04-27_23-00-54,Camera1,Living Room,detected_fires\2024-04-27\Camera1_2024-04-27_23-00-54.jpg,
2024-04-27_23-00-55,Camera1,Living Room,detected_fires\2024-04-27\Camera1_2024-04-27_23-00-55.jpg,
2024-04-30_11-38-56,Camera1,Living Room,detected_fires\2024-04-30\Camera1_2024-04-30_11-38-56.jpg,
2024-04-30_11-38-58,Camera1,Living Room,detected_fires\2024-04-30\Camera1_2024-04-30_11-38-58.jpg,
2024-04-30_11-39-01,Camera1,Living Room,detected_fires\2024-04-30\Camera1_2024-04-30_11-39-01.jpg,
2024-04-30_11-39-02,Camera1,Living Room,detected_fires\2024-04-30\Camera1_2024-04-30_11-39-02.jpg,
2024-04-30_11-39-04,Camera1,Living Room,detected_fires\2024-04-30\Camera1_2024-04-30_11-39-04.jpg,
2024-04-30_11-39-05,Camera1,Living Room,detected_fires\2024-04-30\Camera1_2024-04-30_11-39-05.jpg,
2024-04-30_11-51-05,Camera1,Living Room,detected_fires\2024-04-30\Camera1_2024-04-30_11-51-05.jpg,
2024-04-30_11-51-06,Camera1,Living Room,detected_fires\2024-04-30\Camera1_2024-04-30_11-51-06.jpg,
2024-04-30_11-51-08,Camera1,Living Room,detected_fires\2024-04-30\Camera1_2024-04-30_11-51-08.jpg,
2024-04-30_11-51-09,Camera1,Living Room,detected_fires\2024-04-30\Camera1_2024-04-30_11-51-09.jpg,
2024-04-30_11-51-10,Camera1,Living Room,detected_fires\2024-04-30\Camera1_2024-04-30_11-51-10.jpg,
2024-04-30_11-51-11,Camera1,Living Room,detected_fires\2024-04-30\Camera1_2024-04-30_11-51-11.jpg,
2024-04-30_11-51-12,Camera1,Living Room,detected_fires\2024-04-30\Camera1_2024-04-30_11-51-12.jpg,
2024-04-30_11-55-21,Camera1,Living Room,detected_fires\2024-04-30\Camera1_2024-04-30_11-55-21.jpg,
2024-04-30_11-56-00,Camera1,Living Room,detected_fires\2024-04-30\Camera1_2024-04-30_11-56-00.jpg,
2024-04-30_11-56-02,Camera1,Living Room,detected_fires\2024-04-30\Camera1_2024-04-30_11-56-02.jpg,
2024-04-30_11-56-04,Camera1,Living Room,detected_fires\2024-04-30\Camera1_2024-04-30_11-56-04.jpg,
2024-04-30_11-56-06,Camera1,Living Room,detected_fires\2024-04-30\Camera1_2024-04-30_11-56-06.jpg,
2024-04-30_11-56-08,Camera1,Living Room,detected_fires\2024-04-30\Camera1_2024-04-30_11-56-08.jpg,
2024-04-30_11-56-10,Camera1,Living Room,detected_fires\2024-04-30\Camera1_2024-04-30_11-56-10.jpg,
2024-04-30_16-36-01,Camera1,Living Room,detected_fires\2024-04-30\Camera1_2024-04-30_16-36-01.jpg
2024-04-30_16-36-13,Camera1,Living Room,detected_fires\2024-04-30\Camera1_2024-04-30_16-36-13.jpg
2024-04-30_16-36-14,Camera1,Living Room,detected_fires\2024-04-30\Camera1_2024-04-30_16-36-14.jpg
2024-04-30_16-36-15,Camera1,Living Room,detected_fires\2024-04-30\Camera1_2024-04-30_16-36-15.jpg
2024-04-30_16-36-16,Camera1,Living Room,detected_fires\2024-04-30\Camera1_2024-04-30_16-36-16.jpg
2024-04-30_16-36-17,Camera1,Living Room,detected_fires\2024-04-30\Camera1_2024-04-30_16-36-17.jpg
2024-04-30_16-36-19,Camera1,Living Room,detected_fires\2024-04-30\Camera1_2024-04-30_16-36-19.jpg
2024-04-30_16-36-20,Camera1,Living Room,detected_fires\2024-04-30\Camera1_2024-04-30_16-36-20.jpg
2024-04-30_16-36-21,Camera1,Living Room,detected_fires\2024-04-30\Camera1_2024-04-30_16-36-21.jpg
2024-05-03_16-10-36,Camera1,Living Room,detected_fires\2024-05-03\Camera1_2024-05-03_16-10-36.jpg,
2024-05-03_16-16-27,Camera1,Living Room,detected_fires\2024-05-03\Camera1_2024-05-03_16-16-27.jpg,
2024-05-03_17-09-10,Camera1,Living Room,detected_fires\2024-05-03\Camera1_2024-05-03_17-09-10.jpg,
2024-05-03_17-09-10,Camera1,Living Room,detected_fires\2024-05-03\Camera1_2024-05-03_17-09-10.jpg,
2024-05-03_17-09-11,Camera1,Living Room,detected_fires\2024-05-03\Camera1_2024-05-03_17-09-11.jpg,
2024-05-03_17-09-12,Camera1,Living Room,detected_fires\2024-05-03\Camera1_2024-05-03_17-09-12.jpg,
2024-05-03_17-09-12,Camera1,Living Room,detected_fires\2024-05-03\Camera1_2024-05-03_17-09-12.jpg,
2024-05-03_17-09-13,Camera1,Living Room,detected_fires\2024-05-03\Camera1_2024-05-03_17-09-13.jpg,
2024-05-03_17-09-14,Camera1,Living Room,detected_fires\2024-05-03\Camera1_2024-05-03_17-09-14.jpg,
2024-05-03_17-09-14,Camera1,Living Room,detected_fires\2024-05-03\Camera1_2024-05-03_17-09-14.jpg,
2024-05-03_17-09-15,Camera1,Living Room,detected_fires\2024-05-03\Camera1_2024-05-03_17-09-15.jpg,
2024-05-03_17-09-16,Camera1,Living Room,detected_fires\2024-05-03\Camera1_2024-05-03_17-09-16.jpg,
2024-05-03_17-09-16,Camera1,Living Room,detected_fires\2024-05-03\Camera1_2024-05-03_17-09-16.jpg,
2024-05-03_17-09-17,Camera1,Living Room,detected_fires\2024-05-03\Camera1_2024-05-03_17-09-17.jpg,
2024-05-03_17-20-01,Camera1,Living Room,detected_fires\2024-05-03\Camera1_2024-05-03_17-20-01.jpg,
2024-05-03_17-20-02,Camera1,Living Room,detected_fires\2024-05-03\Camera1_2024-05-03_17-20-02.jpg,
2024-05-03_17-20-03,Camera1,Living Room,detected_fires\2024-05-03\Camera1_2024-05-03_17-20-03.jpg,
2024-05-03_17-20-03,Camera1,Living Room,detected_fires\2024-05-03\Camera1_2024-05-03_17-20-03.jpg,
2024-05-03_17-20-04,Camera1,Living Room,detected_fires\2024-05-03\Camera1_2024-05-03_17-20-04.jpg,
2024-05-03_17-20-05,Camera1,Living Room,detected_fires\2024-05-03\Camera1_2024-05-03_17-20-05.jpg,
2024-05-03_17-20-05,Camera1,Living Room,detected_fires\2024-05-03\Camera1_2024-05-03_17-20-05.jpg,
2024-05-03_17-20-06,Camera1,Living Room,detected_fires\2024-05-03\Camera1_2024-05-03_17-20-06.jpg,
2024-05-03_17-20-07,Camera1,Living Room,detected_fires\2024-05-03\Camera1_2024-05-03_17-20-07.jpg,
2024-05-03_17-20-07,Camera1,Living Room,detected_fires\2024-05-03\Camera1_2024-05-03_17-20-07.jpg,
2024-05-03_17-20-08,Camera1,Living Room,detected_fires\2024-05-03\Camera1_2024-05-03_17-20-08.jpg,
2024-05-03_17-44-45,Camera1,Living Room,detected_fires\2024-05-03\Camera1_2024-05-03_17-44-45.jpg,
2024-05-03_17-44-46,Camera1,Living Room,detected_fires\2024-05-03\Camera1_2024-05-03_17-44-46.jpg,
2024-05-03_17-44-47,Camera1,Living Room,detected_fires\2024-05-03\Camera1_2024-05-03_17-44-47.jpg,
2024-05-03_17-44-47,Camera1,Living Room,detected_fires\2024-05-03\Camera1_2024-05-03_17-44-47.jpg,
2024-05-03_17-44-48,Camera1,Living Room,detected_fires\2024-05-03\Camera1_2024-05-03_17-44-48.jpg,
2024-05-03_17-44-49,Camera1,Living Room,detected_fires\2024-05-03\Camera1_2024-05-03_17-44-49.jpg,
2024-05-03_17-44-49,Camera1,Living Room,detected_fires\2024-05-03\Camera1_2024-05-03_17-44-49.jpg,
2024-05-03_17-44-50,Camera1,Living Room,detected_fires\2024-05-03\Camera1_2024-05-03_17-44-50.jpg,
2024-05-03_17-44-51,Camera1,Living Room,detected_fires\2024-05-03\Camera1_2024-05-03_17-44-51.jpg,
2024-05-04_09-58-20,Camera1,Living Room,detected_fires\2024-05-04\Camera1_2024-05-04_09-58-20.jpg,
2024-05-04_09-58-20,Camera1,Living Room,detected_fires\2024-05-04\Camera1_2024-05-04_09-58-20.jpg,
2024-05-04_09-58-21,Camera1,Living Room,detected_fires\2024-05-04\Camera1_2024-05-04_09-58-21.jpg,
2024-05-04_09-58-22,Camera1,Living Room,detected_fires\2024-05-04\Camera1_2024-05-04_09-58-22.jpg,
2024-05-04_09-58-22,Camera1,Living Room,detected_fires\2024-05-04\Camera1_2024-05-04_09-58-22.jpg,
2024-05-04_09-58-23,Camera1,Living Room,detected_fires\2024-05-04\Camera1_2024-05-04_09-58-23.jpg,
2024-05-04_09-58-24,Camera1,Living Room,detected_fires\2024-05-04\Camera1_2024-05-04_09-58-24.jpg,
2024-05-04_09-58-25,Camera1,Living Room,detected_fires\2024-05-04\Camera1_2024-05-04_09-58-25.jpg,
2024-05-04_09-58-26,Camera1,Living Room,detected_fires\2024-05-04\Camera1_2024-05-04_09-58-26.jpg,
2024-05-04_09-58-27,Camera1,Living Room,detected_fires\2024-05-04\Camera1_2024-05-04_09-58-27.jpg,
2024-05-04_09-58-28,Camera1,Living Room,detected_fires\2024-05-04\Camera1_2024-05-04_09-58-28.jpg,
2024-05-04_09-58-29,Camera1,Living Room,detected_fires\2024-05-04\Camera1_2024-05-04_09-58-29.jpg,
2024-05-04_12-40-27,Camera1,Living Room,detected_fires\2024-05-04\Camera1_2024-05-04_12-40-27.jpg,
2024-05-04_12-40-29,Camera1,Living Room,detected_fires\2024-05-04\Camera1_2024-05-04_12-40-29.jpg,
2024-05-04_12-40-30,Camera1,Living Room,detected_fires\2024-05-04\Camera1_2024-05-04_12-40-30.jpg,
2024-05-04_12-40-32,Camera1,Living Room,detected_fires\2024-05-04\Camera1_2024-05-04_12-40-32.jpg,
2024-05-04_12-40-34,Camera1,Living Room,detected_fires\2024-05-04\Camera1_2024-05-04_12-40-34.jpg,
2024-05-04_12-40-36,Camera1,Living Room,detected_fires\2024-05-04\Camera1_2024-05-04_12-40-36.jpg,
2024-05-04_12-40-38,Camera1,Living Room,detected_fires\2024-05-04\Camera1_2024-05-04_12-40-38.jpg,
2024-05-04_12-40-40,Camera1,Living Room,detected_fires\2024-05-04\Camera1_2024-05-04_12-40-40.jpg,
2024-05-04_12-40-42,Camera1,Living Room,detected_fires\2024-05-04\Camera1_2024-05-04_12-40-42.jpg,
2024-05-04_12-40-43,Camera1,Living Room,detected_fires\2024-05-04\Camera1_2024-05-04_12-40-43.jpg,
2024-05-04_12-40-59,Camera1,Living Room,detected_fires\2024-05-04\Camera1_2024-05-04_12-40-59.jpg,
2024-05-04_12-40-59,Camera1,Living Room,detected_fires\2024-05-04\Camera1_2024-05-04_12-40-59.jpg,
2024-05-04_12-41-00,Camera1,Living Room,detected_fires\2024-05-04\Camera1_2024-05-04_12-41-00.jpg,
2024-05-04_12-41-04,Camera1,Living Room,detected_fires\2024-05-04\Camera1_2024-05-04_12-41-04.jpg,
2024-05-04_12-41-05,Camera1,Living Room,detected_fires\2024-05-04\Camera1_2024-05-04_12-41-05.jpg,
2024-05-04_12-41-07,Camera1,Living Room,detected_fires\2024-05-04\Camera1_2024-05-04_12-41-07.jpg,
2024-05-04_12-48-07,Camera1,Living Room,detected_fires\2024-05-04\Camera1_2024-05-04_12-48-07.jpg,
2024-05-04_12-54-52,Camera1,Living Room,detected_fires\2024-05-04\Camera1_2024-05-04_12-54-52.jpg,
2024-05-04_13-04-32,Camera1,Living Room,detected_fires\2024-05-04\Camera1_2024-05-04_13-04-32.jpg,
2024-05-04_13-04-34,Camera1,Living Room,detected_fires\2024-05-04\Camera1_2024-05-04_13-04-34.jpg,
2024-05-04_13-04-35,Camera1,Living Room,detected_fires\2024-05-04\Camera1_2024-05-04_13-04-35.jpg,
2024-05-04_13-04-37,Camera1,Living Room,detected_fires\2024-05-04\Camera1_2024-05-04_13-04-37.jpg,
2024-05-04_13-04-38,Camera1,Living Room,detected_fires\2024-05-04\Camera1_2024-05-04_13-04-38.jpg,
2024-05-04_13-04-39,Camera1,Living Room,detected_fires\2024-05-04\Camera1_2024-05-04_13-04-39.jpg,
2024-05-04_13-04-41,Camera1,Living Room,detected_fires\2024-05-04\Camera1_2024-05-04_13-04-41.jpg,
2024-05-04_13-04-44,Camera1,Living Room,detected_fires\2024-05-04\Camera1_2024-05-04_13-04-44.jpg,
2024-05-04_13-04-45,Camera1,Living Room,detected_fires\2024-05-04\Camera1_2024-05-04_13-04-45.jpg,
2024-05-04_13-04-47,Camera1,Living Room,detected_fires\2024-05-04\Camera1_2024-05-04_13-04-47.jpg,
2024-05-04_13-04-48,Camera1,Living Room,detected_fires\2024-05-04\Camera1_2024-05-04_13-04-48.jpg,
2024-05-04_13-05-16,Camera1,Living Room,detected_fires\2024-05-04\Camera1_2024-05-04_13-05-16.jpg,
2024-05-04_13-05-18,Camera1,Living Room,detected_fires\2024-05-04\Camera1_2024-05-04_13-05-18.jpg,
2024-05-04_13-05-19,Camera1,Living Room,detected_fires\2024-05-04\Camera1_2024-05-04_13-05-19.jpg,
2024-05-04_13-05-20,Camera1,Living Room,detected_fires\2024-05-04\Camera1_2024-05-04_13-05-20.jpg,
2024-05-04_13-05-22,Camera1,Living Room,detected_fires\2024-05-04\Camera1_2024-05-04_13-05-22.jpg,
2024-05-04_13-05-23,Camera1,Living Room,detected_fires\2024-05-04\Camera1_2024-05-04_13-05-23.jpg,
2024-05-04_13-05-25,Camera1,Living Room,detected_fires\2024-05-04\Camera1_2024-05-04_13-05-25.jpg,
2024-05-04_13-05-26,Camera1,Living Room,detected_fires\2024-05-04\Camera1_2024-05-04_13-05-26.jpg,
2024-05-04_13-05-28,Camera1,Living Room,detected_fires\2024-05-04\Camera1_2024-05-04_13-05-28.jpg,
2024-05-04_13-05-30,Camera1,Living Room,detected_fires\2024-05-04\Camera1_2024-05-04_13-05-30.jpg,
2024-05-04_14-34-52,Camera1,Living Room,detected_fires\2024-05-04\Camera1_2024-05-04_14-34-52.jpg,
2024-05-04_14-34-53,Camera1,Living Room,detected_fires\2024-05-04\Camera1_2024-05-04_14-34-53.jpg,
2024-05-04_14-34-54,Camera1,Living Room,detected_fires\2024-05-04\Camera1_2024-05-04_14-34-54.jpg,
2024-05-04_14-34-55,Camera1,Living Room,detected_fires\2024-05-04\Camera1_2024-05-04_14-34-55.jpg,
2024-05-04_14-34-56,Camera1,Living Room,detected_fires\2024-05-04\Camera1_2024-05-04_14-34-56.jpg,
2024-05-04_14-34-57,Camera1,Living Room,detected_fires\2024-05-04\Camera1_2024-05-04_14-34-57.jpg,
2024-05-04_14-34-58,Camera1,Living Room,detected_fires\2024-05-04\Camera1_2024-05-04_14-34-58.jpg,
2024-05-04_14-34-59,Camera1,Living Room,detected_fires\2024-05-04\Camera1_2024-05-04_14-34-59.jpg,
2024-05-05_11-42-45,Camera1,Living Room,detected_fires\2024-05-05\Camera1_2024-05-05_11-42-45.jpg,
2024-05-05_11-42-46,Camera1,Living Room,detected_fires\2024-05-05\Camera1_2024-05-05_11-42-46.jpg,
2024-05-05_11-42-46,Camera1,Living Room,detected_fires\2024-05-05\Camera1_2024-05-05_11-42-46.jpg,
2024-05-05_11-42-46,Camera1,Living Room,detected_fires\2024-05-05\Camera1_2024-05-05_11-42-46.jpg,
2024-05-05_11-42-47,Camera1,Living Room,detected_fires\2024-05-05\Camera1_2024-05-05_11-42-47.jpg,
2024-05-05_11-42-47,Camera1,Living Room,detected_fires\2024-05-05\Camera1_2024-05-05_11-42-47.jpg,
2024-05-05_11-42-48,Camera1,Living Room,detected_fires\2024-05-05\Camera1_2024-05-05_11-42-48.jpg,
2024-05-05_11-42-48,Camera1,Living Room,detected_fires\2024-05-05\Camera1_2024-05-05_11-42-48.jpg,
2024-05-05_11-42-49,Camera1,Living Room,detected_fires\2024-05-05\Camera1_2024-05-05_11-42-49.jpg,
2024-05-05_11-42-49,Camera1,Living Room,detected_fires\2024-05-05\Camera1_2024-05-05_11-42-49.jpg,
2024-05-05_11-42-50,Camera1,Living Room,detected_fires\2024-05-05\Camera1_2024-05-05_11-42-50.jpg,
2024-05-05_11-42-50,Camera1,Living Room,detected_fires\2024-05-05\Camera1_2024-05-05_11-42-50.jpg,
2024-05-05_11-42-50,Camera1,Living Room,detected_fires\2024-05-05\Camera1_2024-05-05_11-42-50.jpg,
2024-05-05_11-46-58,Camera1,Living Room,detected_fires\2024-05-05\Camera1_2024-05-05_11-46-58.jpg,
2024-05-05_11-46-59,Camera1,Living Room,detected_fires\2024-05-05\Camera1_2024-05-05_11-46-59.jpg,
2024-05-05_11-46-59,Camera1,Living Room,detected_fires\2024-05-05\Camera1_2024-05-05_11-46-59.jpg,
2024-05-05_11-46-59,Camera1,Living Room,detected_fires\2024-05-05\Camera1_2024-05-05_11-46-59.jpg,
2024-05-05_11-47-00,Camera1,Living Room,detected_fires\2024-05-05\Camera1_2024-05-05_11-47-00.jpg,
2024-05-05_11-47-00,Camera1,Living Room,detected_fires\2024-05-05\Camera1_2024-05-05_11-47-00.jpg,
2024-05-05_11-47-01,Camera1,Living Room,detected_fires\2024-05-05\Camera1_2024-05-05_11-47-01.jpg,
2024-05-05_11-47-01,Camera1,Living Room,detected_fires\2024-05-05\Camera1_2024-05-05_11-47-01.jpg,
2024-05-05_11-47-02,Camera1,Living Room,detected_fires\2024-05-05\Camera1_2024-05-05_11-47-02.jpg,
2024-05-05_11-47-02,Camera1,Living Room,detected_fires\2024-05-05\Camera1_2024-05-05_11-47-02.jpg,
2024-05-05_11-47-02,Camera1,Living Room,detected_fires\2024-05-05\Camera1_2024-05-05_11-47-02.jpg,
2024-05-05_11-47-03,Camera1,Living Room,detected_fires\2024-05-05\Camera1_2024-05-05_11-47-03.jpg,
2024-05-05_11-47-03,Camera1,Living Room,detected_fires\2024-05-05\Camera1_2024-05-05_11-47-03.jpg,
2024-05-05_11-51-46,Camera1,Living Room,detected_fires\2024-05-05\Camera1_2024-05-05_11-51-46.jpg,
2024-05-05_11-51-47,Camera1,Living Room,detected_fires\2024-05-05\Camera1_2024-05-05_11-51-47.jpg,
2024-05-05_11-51-47,Camera1,Living Room,detected_fires\2024-05-05\Camera1_2024-05-05_11-51-47.jpg,
2024-05-05_11-51-47,Camera1,Living Room,detected_fires\2024-05-05\Camera1_2024-05-05_11-51-47.jpg,
2024-05-05_11-51-48,Camera1,Living Room,detected_fires\2024-05-05\Camera1_2024-05-05_11-51-48.jpg,
2024-05-05_11-51-48,Camera1,Living Room,detected_fires\2024-05-05\Camera1_2024-05-05_11-51-48.jpg,
2024-05-05_11-51-49,Camera1,Living Room,detected_fires\2024-05-05\Camera1_2024-05-05_11-51-49.jpg,
2024-05-05_11-51-49,Camera1,Living Room,detected_fires\2024-05-05\Camera1_2024-05-05_11-51-49.jpg,
2024-05-05_11-51-50,Camera1,Living Room,detected_fires\2024-05-05\Camera1_2024-05-05_11-51-50.jpg,
2024-05-05_11-51-50,Camera1,Living Room,detected_fires\2024-05-05\Camera1_2024-05-05_11-51-50.jpg,
2024-05-05_11-51-50,Camera1,Living Room,detected_fires\2024-05-05\Camera1_2024-05-05_11-51-50.jpg,
2024-05-05_11-51-51,Camera1,Living Room,detected_fires\2024-05-05\Camera1_2024-05-05_11-51-51.jpg,
2024-05-05_11-51-51,Camera1,Living Room,detected_fires\2024-05-05\Camera1_2024-05-05_11-51-51.jpg,
2024-05-05_11-51-52,Camera1,Living Room,detected_fires\2024-05-05\Camera1_2024-05-05_11-51-52.jpg,
2024-05-05_11-52-02,Camera1,Living Room,detected_fires\2024-05-05\Camera1_2024-05-05_11-52-02.jpg,
2024-05-05_11-52-03,Camera1,Living Room,detected_fires\2024-05-05\Camera1_2024-05-05_11-52-03.jpg,
2024-05-05_11-52-03,Camera1,Living Room,detected_fires\2024-05-05\Camera1_2024-05-05_11-52-03.jpg,
2024-05-05_11-52-03,Camera1,Living Room,detected_fires\2024-05-05\Camera1_2024-05-05_11-52-03.jpg,
2024-05-05_11-52-04,Camera1,Living Room,detected_fires\2024-05-05\Camera1_2024-05-05_11-52-04.jpg,
2024-05-05_11-52-04,Camera1,Living Room,detected_fires\2024-05-05\Camera1_2024-05-05_11-52-04.jpg,
2024-05-05_11-52-05,Camera1,Living Room,detected_fires\2024-05-05\Camera1_2024-05-05_11-52-05.jpg,
2024-05-05_11-52-05,Camera1,Living Room,detected_fires\2024-05-05\Camera1_2024-05-05_11-52-05.jpg,
2024-05-05_11-52-05,Camera1,Living Room,detected_fires\2024-05-05\Camera1_2024-05-05_11-52-05.jpg,
2024-05-05_11-52-06,Camera1,Living Room,detected_fires\2024-05-05\Camera1_2024-05-05_11-52-06.jpg,
2024-05-05_11-52-06,Camera1,Living Room,detected_fires\2024-05-05\Camera1_2024-05-05_11-52-06.jpg,
2024-05-05_11-52-07,Camera1,Living Room,detected_fires\2024-05-05\Camera1_2024-05-05_11-52-07.jpg,
2024-05-05_11-52-07,Camera1,Living Room,detected_fires\2024-05-05\Camera1_2024-05-05_11-52-07.jpg,
2024-05-05_11-52-08,Camera1,Living Room,detected_fires\2024-05-05\Camera1_2024-05-05_11-52-08.jpg,
2024-05-05_11-52-08,Camera1,Living Room,detected_fires\2024-05-05\Camera1_2024-05-05_11-52-08.jpg,
2024-05-05_11-52-08,Camera1,Living Room,detected_fires\2024-05-05\Camera1_2024-05-05_11-52-08.jpg,
2024-05-05_12-16-46,Camera1,Living Room,detected_fires\2024-05-05\Camera1_2024-05-05_12-16-46.jpg,
2024-05-05_12-16-46,Camera1,Living Room,detected_fires\2024-05-05\Camera1_2024-05-05_12-16-46.jpg,
2024-05-05_12-16-46,Camera1,Living Room,detected_fires\2024-05-05\Camera1_2024-05-05_12-16-46.jpg,
2024-05-05_12-16-47,Camera1,Living Room,detected_fires\2024-05-05\Camera1_2024-05-05_12-16-47.jpg,
2024-05-05_12-16-47,Camera1,Living Room,detected_fires\2024-05-05\Camera1_2024-05-05_12-16-47.jpg,
2024-05-05_12-16-48,Camera1,Living Room,detected_fires\2024-05-05\Camera1_2024-05-05_12-16-48.jpg,
2024-05-05_12-16-48,Camera1,Living Room,detected_fires\2024-05-05\Camera1_2024-05-05_12-16-48.jpg,
2024-05-05_12-16-49,Camera1,Living Room,detected_fires\2024-05-05\Camera1_2024-05-05_12-16-49.jpg,
2024-05-05_12-16-49,Camera1,Living Room,detected_fires\2024-05-05\Camera1_2024-05-05_12-16-49.jpg,
2024-05-05_12-16-49,Camera1,Living Room,detected_fires\2024-05-05\Camera1_2024-05-05_12-16-49.jpg,
2024-05-05_12-16-50,Camera1,Living Room,detected_fires\2024-05-05\Camera1_2024-05-05_12-16-50.jpg,
2024-05-05_12-16-50,Camera1,Living Room,detected_fires\2024-05-05\Camera1_2024-05-05_12-16-50.jpg,
2024-05-05_12-16-51,Camera1,Living Room,detected_fires\2024-05-05\Camera1_2024-05-05_12-16-51.jpg,
2024-05-05_12-16-51,Camera1,Living Room,detected_fires\2024-05-05\Camera1_2024-05-05_12-16-51.jpg,
2024-05-05_12-16-52,Camera1,Living Room,detected_fires\2024-05-05\Camera1_2024-05-05_12-16-52.jpg,
2024-05-05_12-16-52,Camera1,Living Room,detected_fires\2024-05-05\Camera1_2024-05-05_12-16-52.jpg,
2024-05-05_12-16-52,Camera1,Living Room,detected_fires\2024-05-05\Camera1_2024-05-05_12-16-52.jpg,
2024-05-06_09-53-38,Camera1,Living Room,detected_fires\2024-05-06\Camera1_2024-05-06_09-53-38.jpg,
2024-05-06_09-53-39,Camera1,Living Room,detected_fires\2024-05-06\Camera1_2024-05-06_09-53-39.jpg,
2024-05-06_09-53-40,Camera1,Living Room,detected_fires\2024-05-06\Camera1_2024-05-06_09-53-40.jpg,
2024-05-06_09-53-41,Camera1,Living Room,detected_fires\2024-05-06\Camera1_2024-05-06_09-53-41.jpg,
2024-05-06_09-53-41,Camera1,Living Room,detected_fires\2024-05-06\Camera1_2024-05-06_09-53-41.jpg,
2024-05-06_09-53-42,Camera1,Living Room,detected_fires\2024-05-06\Camera1_2024-05-06_09-53-42.jpg,
2024-05-06_09-53-43,Camera1,Living Room,detected_fires\2024-05-06\Camera1_2024-05-06_09-53-43.jpg,
2024-05-06_09-53-43,Camera1,Living Room,detected_fires\2024-05-06\Camera1_2024-05-06_09-53-43.jpg,
2024-05-06_09-53-44,Camera1,Living Room,detected_fires\2024-05-06\Camera1_2024-05-06_09-53-44.jpg,
2024-05-06_09-53-45,Camera1,Living Room,detected_fires\2024-05-06\Camera1_2024-05-06_09-53-45.jpg,
2024-05-08_14-18-32,Camera1,Living Room,detected_fires\2024-05-08\Camera1_2024-05-08_14-18-32.jpg,
2024-05-08_14-18-32,Camera1,Living Room,detected_fires\2024-05-08\Camera1_2024-05-08_14-18-32.jpg,
2024-05-08_14-18-32,Camera1,Living Room,detected_fires\2024-05-08\Camera1_2024-05-08_14-18-32.jpg,
2024-05-08_14-18-33,Camera1,Living Room,detected_fires\2024-05-08\Camera1_2024-05-08_14-18-33.jpg,
2024-05-08_14-18-33,Camera1,Living Room,detected_fires\2024-05-08\Camera1_2024-05-08_14-18-33.jpg,
2024-05-08_14-18-34,Camera1,Living Room,detected_fires\2024-05-08\Camera1_2024-05-08_14-18-34.jpg,
2024-05-08_14-18-34,Camera1,Living Room,detected_fires\2024-05-08\Camera1_2024-05-08_14-18-34.jpg,
2024-05-08_14-18-35,Camera1,Living Room,detected_fires\2024-05-08\Camera1_2024-05-08_14-18-35.jpg,
2024-05-08_14-18-35,Camera1,Living Room,detected_fires\2024-05-08\Camera1_2024-05-08_14-18-35.jpg,
2024-05-08_14-18-42,Camera1,Living Room,detected_fires\2024-05-08\Camera1_2024-05-08_14-18-42.jpg,
2024-05-08_14-18-43,Camera1,Living Room,detected_fires\2024-05-08\Camera1_2024-05-08_14-18-43.jpg,
2024-05-08_14-18-43,Camera1,Living Room,detected_fires\2024-05-08\Camera1_2024-05-08_14-18-43.jpg,
2024-05-08_14-18-44,Camera1,Living Room,detected_fires\2024-05-08\Camera1_2024-05-08_14-18-44.jpg,
2024-05-08_14-18-44,Camera1,Living Room,detected_fires\2024-05-08\Camera1_2024-05-08_14-18-44.jpg,
2024-05-08_14-18-45,Camera1,Living Room,detected_fires\2024-05-08\Camera1_2024-05-08_14-18-45.jpg,
2024-05-08_14-18-46,Camera1,Living Room,detected_fires\2024-05-08\Camera1_2024-05-08_14-18-46.jpg,
2024-05-08_14-18-46,Camera1,Living Room,detected_fires\2024-05-08\Camera1_2024-05-08_14-18-46.jpg,
2024-05-08_14-18-47,Camera1,Living Room,detected_fires\2024-05-08\Camera1_2024-05-08_14-18-47.jpg,
2024-05-08_14-18-47,Camera1,Living Room,detected_fires\2024-05-08\Camera1_2024-05-08_14-18-47.jpg,
2024-05-08_14-18-48,Camera1,Living Room,detected_fires\2024-05-08\Camera1_2024-05-08_14-18-48.jpg,
2024-05-08_14-20-48,Camera1,Living Room,detected_fires\2024-05-08\Camera1_2024-05-08_14-20-48.jpg,
2024-05-08_14-20-48,Camera1,Living Room,detected_fires\2024-05-08\Camera1_2024-05-08_14-20-48.jpg,
2024-05-08_14-20-48,Camera1,Living Room,detected_fires\2024-05-08\Camera1_2024-05-08_14-20-48.jpg,
2024-05-08_14-20-49,Camera1,Living Room,detected_fires\2024-05-08\Camera1_2024-05-08_14-20-49.jpg,
2024-05-08_14-20-49,Camera1,Living Room,detected_fires\2024-05-08\Camera1_2024-05-08_14-20-49.jpg,
2024-05-08_14-20-50,Camera1,Living Room,detected_fires\2024-05-08\Camera1_2024-05-08_14-20-50.jpg,
2024-05-08_14-20-50,Camera1,Living Room,detected_fires\2024-05-08\Camera1_2024-05-08_14-20-50.jpg,
2024-05-08_14-20-50,Camera1,Living Room,detected_fires\2024-05-08\Camera1_2024-05-08_14-20-50.jpg,
2024-05-08_14-20-51,Camera1,Living Room,detected_fires\2024-05-08\Camera1_2024-05-08_14-20-51.jpg,
2024-05-08_14-20-51,Camera1,Living Room,detected_fires\2024-05-08\Camera1_2024-05-08_14-20-51.jpg,
2024-05-08_14-20-52,Camera1,Living Room,detected_fires\2024-05-08\Camera1_2024-05-08_14-20-52.jpg,
2024-05-08_14-20-52,Camera1,Living Room,detected_fires\2024-05-08\Camera1_2024-05-08_14-20-52.jpg,
2024-05-08_14-20-52,Camera1,Living Room,detected_fires\2024-05-08\Camera1_2024-05-08_14-20-52.jpg,
2024-05-08_14-20-53,Camera1,Living Room,detected_fires\2024-05-08\Camera1_2024-05-08_14-20-53.jpg,
2024-05-17_12-36-33,Camera1,Living Room,detected_fires\2024-05-17\Camera1_2024-05-17_12-36-33.jpg,
2024-05-17_12-36-34,Camera1,Living Room,detected_fires\2024-05-17\Camera1_2024-05-17_12-36-34.jpg,
2024-05-17_12-36-34,Camera1,Living Room,detected_fires\2024-05-17\Camera1_2024-05-17_12-36-34.jpg,
2024-05-17_12-36-35,Camera1,Living Room,detected_fires\2024-05-17\Camera1_2024-05-17_12-36-35.jpg,
2024-05-17_12-36-35,Camera1,Living Room,detected_fires\2024-05-17\Camera1_2024-05-17_12-36-35.jpg,
2024-05-17_12-36-35,Camera1,Living Room,detected_fires\2024-05-17\Camera1_2024-05-17_12-36-35.jpg,
2024-05-17_12-36-36,Camera1,Living Room,detected_fires\2024-05-17\Camera1_2024-05-17_12-36-36.jpg,
2024-05-17_12-36-36,Camera1,Living Room,detected_fires\2024-05-17\Camera1_2024-05-17_12-36-36.jpg,
2024-05-17_12-36-37,Camera1,Living Room,detected_fires\2024-05-17\Camera1_2024-05-17_12-36-37.jpg,
2024-05-17_12-36-37,Camera1,Living Room,detected_fires\2024-05-17\Camera1_2024-05-17_12-36-37.jpg,
2024-05-17_12-46-32,Camera1,Living Room,detected_fires\2024-05-17\Camera1_2024-05-17_12-46-32.jpg,
2024-05-17_12-46-32,Camera1,Living Room,detected_fires\2024-05-17\Camera1_2024-05-17_12-46-32.jpg,
2024-05-17_12-46-32,Camera1,Living Room,detected_fires\2024-05-17\Camera1_2024-05-17_12-46-32.jpg,
2024-05-17_12-46-33,Camera1,Living Room,detected_fires\2024-05-17\Camera1_2024-05-17_12-46-33.jpg,
2024-05-17_12-46-33,Camera1,Living Room,detected_fires\2024-05-17\Camera1_2024-05-17_12-46-33.jpg,
2024-05-17_12-46-34,Camera1,Living Room,detected_fires\2024-05-17\Camera1_2024-05-17_12-46-34.jpg,
2024-05-17_12-46-34,Camera1,Living Room,detected_fires\2024-05-17\Camera1_2024-05-17_12-46-34.jpg,
2024-05-17_12-46-35,Camera1,Living Room,detected_fires\2024-05-17\Camera1_2024-05-17_12-46-35.jpg,
2024-05-17_12-46-35,Camera1,Living Room,detected_fires\2024-05-17\Camera1_2024-05-17_12-46-35.jpg,
2024-05-17_12-46-36,Camera1,Living Room,detected_fires\2024-05-17\Camera1_2024-05-17_12-46-36.jpg,
2024-05-17_12-46-36,Camera1,Living Room,detected_fires\2024-05-17\Camera1_2024-05-17_12-46-36.jpg,
2024-05-17_12-46-36,Camera1,Living Room,detected_fires\2024-05-17\Camera1_2024-05-17_12-46-36.jpg,
2024-05-17_12-46-37,Camera1,Living Room,detected_fires\2024-05-17\Camera1_2024-05-17_12-46-37.jpg,
2024-05-17_12-46-37,Camera1,Living Room,detected_fires\2024-05-17\Camera1_2024-05-17_12-46-37.jpg,
2024-05-17_12-46-38,Camera1,Living Room,detected_fires\2024-05-17\Camera1_2024-05-17_12-46-38.jpg,
2024-05-17_12-46-38,Camera1,Living Room,detected_fires\2024-05-17\Camera1_2024-05-17_12-46-38.jpg,
2024-05-17_12-46-39,Camera1,Living Room,detected_fires\2024-05-17\Camera1_2024-05-17_12-46-39.jpg,
2024-05-17_12-46-39,Camera1,Living Room,detected_fires\2024-05-17\Camera1_2024-05-17_12-46-39.jpg,
2024-05-17_12-46-40,Camera1,Living Room,detected_fires\2024-05-17\Camera1_2024-05-17_12-46-40.jpg,
2024-05-17_12-46-40,Camera1,Living Room,detected_fires\2024-05-17\Camera1_2024-05-17_12-46-40.jpg,
2024-05-17_12-46-40,Camera1,Living Room,detected_fires\2024-05-17\Camera1_2024-05-17_12-46-40.jpg,
2024-05-17_12-46-41,Camera1,Living Room,detected_fires\2024-05-17\Camera1_2024-05-17_12-46-41.jpg,
2024-05-17_12-46-41,Camera1,Living Room,detected_fires\2024-05-17\Camera1_2024-05-17_12-46-41.jpg,
2024-05-17_12-51-25,Camera1,Living Room,detected_fires\2024-05-17\Camera1_2024-05-17_12-51-25.jpg,
2024-05-17_12-51-26,Camera1,Living Room,detected_fires\2024-05-17\Camera1_2024-05-17_12-51-26.jpg,
2024-05-17_12-51-26,Camera1,Living Room,detected_fires\2024-05-17\Camera1_2024-05-17_12-51-26.jpg,
2024-05-17_12-51-27,Camera1,Living Room,detected_fires\2024-05-17\Camera1_2024-05-17_12-51-27.jpg,
2024-05-17_12-51-30,Camera1,Living Room,detected_fires\2024-05-17\Camera1_2024-05-17_12-51-30.jpg,
2024-05-17_12-51-46,Camera1,Living Room,detected_fires\2024-05-17\Camera1_2024-05-17_12-51-46.jpg,
2024-05-17_13-23-30,Camera1,Living Room,detected_fires\2024-05-17\Camera1_2024-05-17_13-23-30.jpg,
2024-05-17_13-23-31,Camera1,Living Room,detected_fires\2024-05-17\Camera1_2024-05-17_13-23-31.jpg,
2024-05-17_13-23-31,Camera1,Living Room,detected_fires\2024-05-17\Camera1_2024-05-17_13-23-31.jpg,
2024-05-17_13-23-32,Camera1,Living Room,detected_fires\2024-05-17\Camera1_2024-05-17_13-23-32.jpg,
2024-05-17_13-23-33,Camera1,Living Room,detected_fires\2024-05-17\Camera1_2024-05-17_13-23-33.jpg,
2024-05-17_13-23-33,Camera1,Living Room,detected_fires\2024-05-17\Camera1_2024-05-17_13-23-33.jpg,
2024-05-17_13-23-34,Camera1,Living Room,detected_fires\2024-05-17\Camera1_2024-05-17_13-23-34.jpg,
2024-05-17_13-23-34,Camera1,Living Room,detected_fires\2024-05-17\Camera1_2024-05-17_13-23-34.jpg,
2024-05-17_13-24-16,Camera1,Living Room,detected_fires\2024-05-17\Camera1_2024-05-17_13-24-16.jpg,
2024-05-17_13-24-17,Camera1,Living Room,detected_fires\2024-05-17\Camera1_2024-05-17_13-24-17.jpg,
2024-05-17_13-24-18,Camera1,Living Room,detected_fires\2024-05-17\Camera1_2024-05-17_13-24-18.jpg,
2024-05-17_13-24-18,Camera1,Living Room,detected_fires\2024-05-17\Camera1_2024-05-17_13-24-18.jpg,
2024-05-17_13-24-19,Camera1,Living Room,detected_fires\2024-05-17\Camera1_2024-05-17_13-24-19.jpg,
2024-05-17_13-44-15,Camera1,Living Room,detected_fires\2024-05-17\Camera1_2024-05-17_13-44-15.jpg,
2024-05-17_13-44-16,Camera1,Living Room,detected_fires\2024-05-17\Camera1_2024-05-17_13-44-16.jpg,
2024-05-17_13-44-17,Camera1,Living Room,detected_fires\2024-05-17\Camera1_2024-05-17_13-44-17.jpg,
2024-05-17_13-44-18,Camera1,Living Room,detected_fires\2024-05-17\Camera1_2024-05-17_13-44-18.jpg,
2024-05-17_13-44-19,Camera1,Living Room,detected_fires\2024-05-17\Camera1_2024-05-17_13-44-19.jpg,
2024-05-17_13-44-19,Camera1,Living Room,detected_fires\2024-05-17\Camera1_2024-05-17_13-44-19.jpg,
2024-05-17_13-44-20,Camera1,Living Room,detected_fires\2024-05-17\Camera1_2024-05-17_13-44-20.jpg,
2024-05-17_13-44-21,Camera1,Living Room,detected_fires\2024-05-17\Camera1_2024-05-17_13-44-21.jpg,
2024-05-17_13-44-21,Camera1,Living Room,detected_fires\2024-05-17\Camera1_2024-05-17_13-44-21.jpg,
2024-05-17_13-44-22,Camera1,Living Room,detected_fires\2024-05-17\Camera1_2024-05-17_13-44-22.jpg,
2024-05-17_13-53-03,Camera1,Living Room,detected_fires\2024-05-17\Camera1_2024-05-17_13-53-03.jpg,
2024-05-17_13-53-03,Camera1,Living Room,detected_fires\2024-05-17\Camera1_2024-05-17_13-53-03.jpg,
2024-05-17_13-53-04,Camera1,Living Room,detected_fires\2024-05-17\Camera1_2024-05-17_13-53-04.jpg,
2024-05-17_13-53-05,Camera1,Living Room,detected_fires\2024-05-17\Camera1_2024-05-17_13-53-05.jpg,
2024-05-17_13-53-06,Camera1,Living Room,detected_fires\2024-05-17\Camera1_2024-05-17_13-53-06.jpg,
2024-05-17_13-53-07,Camera1,Living Room,detected_fires\2024-05-17\Camera1_2024-05-17_13-53-07.jpg,
2024-05-17_13-53-08,Camera1,Living Room,detected_fires\2024-05-17\Camera1_2024-05-17_13-53-08.jpg,
2024-05-17_13-53-09,Camera1,Living Room,detected_fires\2024-05-17\Camera1_2024-05-17_13-53-09.jpg,
2024-05-17_13-53-09,Camera1,Living Room,detected_fires\2024-05-17\Camera1_2024-05-17_13-53-09.jpg,
2024-05-17_13-53-10,Camera1,Living Room,detected_fires\2024-05-17\Camera1_2024-05-17_13-53-10.jpg,
2024-05-17_13-53-12,Camera1,Living Room,detected_fires\2024-05-17\Camera1_2024-05-17_13-53-12.jpg,
2024-05-17_14-01-02,Camera1,Living Room,detected_fires\2024-05-17\Camera1_2024-05-17_14-01-02.jpg,
2024-05-17_14-01-03,Camera1,Living Room,detected_fires\2024-05-17\Camera1_2024-05-17_14-01-03.jpg,
2024-05-17_14-01-03,Camera1,Living Room,detected_fires\2024-05-17\Camera1_2024-05-17_14-01-03.jpg,
2024-05-17_14-01-04,Camera1,Living Room,detected_fires\2024-05-17\Camera1_2024-05-17_14-01-04.jpg,
2024-05-17_14-01-05,Camera1,Living Room,detected_fires\2024-05-17\Camera1_2024-05-17_14-01-05.jpg,
2024-05-17_14-01-06,Camera1,Living Room,detected_fires\2024-05-17\Camera1_2024-05-17_14-01-06.jpg,
2024-05-17_14-01-07,Camera1,Living Room,detected_fires\2024-05-17\Camera1_2024-05-17_14-01-07.jpg,
2024-05-17_14-01-08,Camera1,Living Room,detected_fires\2024-05-17\Camera1_2024-05-17_14-01-08.jpg,
2024-05-17_14-01-09,Camera1,Living Room,detected_fires\2024-05-17\Camera1_2024-05-17_14-01-09.jpg,
2024-05-17_14-02-09,Camera1,Living Room,detected_fires\2024-05-17\Camera1_2024-05-17_14-02-09.jpg,
2024-05-17_14-02-09,Camera1,Living Room,detected_fires\2024-05-17\Camera1_2024-05-17_14-02-09.jpg,
2024-05-17_14-02-10,Camera1,Living Room,detected_fires\2024-05-17\Camera1_2024-05-17_14-02-10.jpg,
2024-05-17_14-02-11,Camera1,Living Room,detected_fires\2024-05-17\Camera1_2024-05-17_14-02-11.jpg,
2024-05-17_14-02-12,Camera1,Living Room,detected_fires\2024-05-17\Camera1_2024-05-17_14-02-12.jpg,
2024-05-17_14-02-13,Camera1,Living Room,detected_fires\2024-05-17\Camera1_2024-05-17_14-02-13.jpg,
2024-05-17_14-02-14,Camera1,Living Room,detected_fires\2024-05-17\Camera1_2024-05-17_14-02-14.jpg,
2024-05-17_14-02-15,Camera1,Living Room,detected_fires\2024-05-17\Camera1_2024-05-17_14-02-15.jpg,
2024-05-17_14-03-33,Camera1,Living Room,detected_fires\2024-05-17\Camera1_2024-05-17_14-03-33.jpg,
2024-05-17_14-03-33,Camera1,Living Room,detected_fires\2024-05-17\Camera1_2024-05-17_14-03-33.jpg,
2024-05-17_14-03-34,Camera1,Living Room,detected_fires\2024-05-17\Camera1_2024-05-17_14-03-34.jpg,
2024-05-17_14-03-34,Camera1,Living Room,detected_fires\2024-05-17\Camera1_2024-05-17_14-03-34.jpg,
2024-05-17_14-03-35,Camera1,Living Room,detected_fires\2024-05-17\Camera1_2024-05-17_14-03-35.jpg,
2024-05-17_14-03-35,Camera1,Living Room,detected_fires\2024-05-17\Camera1_2024-05-17_14-03-35.jpg,
2024-05-17_14-03-36,Camera1,Living Room,detected_fires\2024-05-17\Camera1_2024-05-17_14-03-36.jpg,
2024-05-17_14-03-36,Camera1,Living Room,detected_fires\2024-05-17\Camera1_2024-05-17_14-03-36.jpg,
2024-05-17_14-03-38,Camera1,Living Room,detected_fires\2024-05-17\Camera1_2024-05-17_14-03-38.jpg,
2024-05-17_14-03-38,Camera1,Living Room,detected_fires\2024-05-17\Camera1_2024-05-17_14-03-38.jpg,
2024-05-17_14-03-39,Camera1,Living Room,detected_fires\2024-05-17\Camera1_2024-05-17_14-03-39.jpg,
2024-05-17_14-13-52,Camera1,Living Room,detected_fires\2024-05-17\Camera1_2024-05-17_14-13-52.jpg,
2024-05-17_14-13-52,Camera1,Living Room,detected_fires\2024-05-17\Camera1_2024-05-17_14-13-52.jpg,
2024-05-17_14-13-53,Camera1,Living Room,detected_fires\2024-05-17\Camera1_2024-05-17_14-13-53.jpg,
2024-05-17_14-13-53,Camera1,Living Room,detected_fires\2024-05-17\Camera1_2024-05-17_14-13-53.jpg,
2024-05-17_14-13-54,Camera1,Living Room,detected_fires\2024-05-17\Camera1_2024-05-17_14-13-54.jpg,
2024-05-17_14-13-54,Camera1,Living Room,detected_fires\2024-05-17\Camera1_2024-05-17_14-13-54.jpg,
2024-05-17_14-13-55,Camera1,Living Room,detected_fires\2024-05-17\Camera1_2024-05-17_14-13-55.jpg,
2024-05-17_14-13-56,Camera1,Living Room,detected_fires\2024-05-17\Camera1_2024-05-17_14-13-56.jpg,
2024-05-17_14-13-56,Camera1,Living Room,detected_fires\2024-05-17\Camera1_2024-05-17_14-13-56.jpg,
2024-05-17_14-13-57,Camera1,Living Room,detected_fires\2024-05-17\Camera1_2024-05-17_14-13-57.jpg,
2024-05-17_14-13-57,Camera1,Living Room,detected_fires\2024-05-17\Camera1_2024-05-17_14-13-57.jpg,
2024-05-17_14-46-49,Camera1,Living Room,detected_fires\2024-05-17\Camera1_2024-05-17_14-46-49.jpg,
2024-05-17_14-47-04,Camera1,Living Room,detected_fires\2024-05-17\Camera1_2024-05-17_14-47-04.jpg,
2024-05-17_14-47-04,Camera1,Living Room,detected_fires\2024-05-17\Camera1_2024-05-17_14-47-04.jpg,
2024-05-17_14-47-07,Camera1,Living Room,detected_fires\2024-05-17\Camera1_2024-05-17_14-47-07.jpg,
2024-05-17_14-47-08,Camera1,Living Room,detected_fires\2024-05-17\Camera1_2024-05-17_14-47-08.jpg,
2024-05-17_14-48-26,Camera1,Living Room,detected_fires\2024-05-17\Camera1_2024-05-17_14-48-26.jpg,
2024-05-17_14-50-11,Camera1,Living Room,detected_fires\2024-05-17\Camera1_2024-05-17_14-50-11.jpg,
2024-05-17_14-50-14,Camera1,Living Room,detected_fires\2024-05-17\Camera1_2024-05-17_14-50-14.jpg,
2024-05-17_14-50-19,Camera1,Living Room,detected_fires\2024-05-17\Camera1_2024-05-17_14-50-19.jpg,
2024-05-17_14-50-19,Camera1,Living Room,detected_fires\2024-05-17\Camera1_2024-05-17_14-50-19.jpg,
2024-05-17_14-50-20,Camera1,Living Room,detected_fires\2024-05-17\Camera1_2024-05-17_14-50-20.jpg,
2024-05-17_14-50-20,Camera1,Living Room,detected_fires\2024-05-17\Camera1_2024-05-17_14-50-20.jpg,
2024-05-17_14-50-21,Camera1,Living Room,detected_fires\2024-05-17\Camera1_2024-05-17_14-50-21.jpg,
2024-05-17_14-50-21,Camera1,Living Room,detected_fires\2024-05-17\Camera1_2024-05-17_14-50-21.jpg,
2024-05-17_14-50-22,Camera1,Living Room,detected_fires\2024-05-17\Camera1_2024-05-17_14-50-22.jpg,
2024-05-17_14-50-23,Camera1,Living Room,detected_fires\2024-05-17\Camera1_2024-05-17_14-50-23.jpg,
2024-05-17_14-50-23,Camera1,Living Room,detected_fires\2024-05-17\Camera1_2024-05-17_14-50-23.jpg,
2024-05-17_14-55-21,Camera1,Living Room,detected_fires\2024-05-17\Camera1_2024-05-17_14-55-21.jpg,
2024-05-17_14-55-21,Camera1,Living Room,detected_fires\2024-05-17\Camera1_2024-05-17_14-55-21.jpg,
2024-05-17_14-55-44,Camera1,Living Room,detected_fires\2024-05-17\Camera1_2024-05-17_14-55-44.jpg,
2024-05-17_14-55-46,Camera1,Living Room,detected_fires\2024-05-17\Camera1_2024-05-17_14-55-46.jpg,
2024-05-17_14-55-47,Camera1,Living Room,detected_fires\2024-05-17\Camera1_2024-05-17_14-55-47.jpg,
2024-05-17_14-56-05,Camera1,Living Room,detected_fires\2024-05-17\Camera1_2024-05-17_14-56-05.jpg,
2024-05-17_14-56-24,Camera1,Living Room,detected_fires\2024-05-17\Camera1_2024-05-17_14-56-24.jpg,
